id,label,description
research,Research,"Experiments, datasets decisions, papers, conferences, team"
data,Data,"Data ingestion, processing and storage"
compute,Compute,HPC allocations and cloud credits
funding,Funding,"Grants, prizes and funding partnerships"
business,Business,"Customers, contracts and market development"
operations,Operations,"Team operations, meetings and coordination"
infra,Infrastructure,"Deploy, monitoring and access/security"
agent,Agent,Agent and MCP work
repo,Repository,"Repo structure, docs and CI"
