id,label,description,area
experiments,Experiments,Model experiments and ablations,research
datasets,Datasets,Which datasets to use and why,research
dissemination,Dissemination,"Papers, posters, conferences, talks",research
team,Team,Onboarding and team logistics,research
ingestion,Ingestion,Bringing a new data source in,data
processing,Processing,Pipelines and data architecture,data
storage,Storage,Hosting and dataset releases,data
credits,Credits,HPC allocations and cloud credit programmes,compute
grants,Grants,Grant calls,funding
prizes,Prizes,"Prizes, challenges and recognitions",funding
partnerships,Partnerships,Institutional channels that unlock funding,funding
market,Market,"Customers, contracts and market development",business
operations,Operations,"Meetings, business model, planning tooling",operations
deploy,Deploy,Deployments,infra
monitoring,Monitoring,Monitoring,infra
security,Security,Access and permissions,infra
workflow,Workflow,Agent workflows,agent
tools,Tools,Agent tools,agent
prompts,Prompts,Agent prompts,agent
structure,Structure,Repo layout,repo
docs,Docs,Documentation,repo
ci,CI,Continuous integration,repo
